<?xml version="1.0" encoding="UTF-8"?>
<project-private xmlns="http://www.netbeans.org/ns/project-private/1">
    <editor-bookmarks xmlns="http://www.netbeans.org/ns/editor-bookmarks/2" lastBookmarkId="0"/>
    <open-files xmlns="http://www.netbeans.org/ns/projectui-open-files/2">
        <group>
            <file>file:/C:/Users/user/OneDrive%20-%20Universiti%20Teknologi%20MARA/Documents/NetBeansProjects/ProfileWebApp/src/java/servlet/DeleteProfile.java</file>
            <file>file:/C:/Users/user/OneDrive%20-%20Universiti%20Teknologi%20MARA/Documents/NetBeansProjects/ProfileWebApp/web/profileInfo.html</file>
            <file>file:/C:/Users/user/OneDrive%20-%20Universiti%20Teknologi%20MARA/Documents/NetBeansProjects/ProfileWebApp/web/styles.css</file>
            <file>file:/C:/Users/user/OneDrive%20-%20Universiti%20Teknologi%20MARA/Documents/NetBeansProjects/ProfileWebApp/src/java/bean/ProfileBean.java</file>
            <file>file:/C:/Users/user/OneDrive%20-%20Universiti%20Teknologi%20MARA/Documents/NetBeansProjects/ProfileWebApp/web/searchProfiles.jsp</file>
            <file>file:/C:/Users/user/OneDrive%20-%20Universiti%20Teknologi%20MARA/Documents/NetBeansProjects/ProfileWebApp/web/viewProfiles.jsp</file>
            <file>file:/C:/Users/user/OneDrive%20-%20Universiti%20Teknologi%20MARA/Documents/NetBeansProjects/ProfileWebApp/web/mainPage.html</file>
            <file>file:/C:/Users/user/OneDrive%20-%20Universiti%20Teknologi%20MARA/Documents/NetBeansProjects/ProfileWebApp/web/profile.jsp</file>
            <file>file:/C:/Users/user/OneDrive%20-%20Universiti%20Teknologi%20MARA/Documents/NetBeansProjects/ProfileWebApp/src/java/servlet/ProfileServlet.java</file>
        </group>
    </open-files>
</project-private>
